1,33,Petr Cech,0,g
2,54,Matt Macey,0,g
3,13,David Ospina,0,g
4,26,Emiliano Martinez,0,g
5,5,Gabriel Paulista,0,d
6,3,Kieran Gibbs,0,d
7,24,Hector Bellerin,0,d
8,6,Laurent Koscielny,0,d
9,4,Per Mertesacker,0,d
10,25,Carl Jenkinson,0,d
11,16,Rob Holding,0,d
12,18,Nacho Monreal,0,d
13,36,Ismael Bennacer,0,m
14,37,Krystian Bielik,0,m
15,34,Francis Coquelin,0,m
16,35,Mohamed Elneny,0,m
17,20,Shkodran Mustafi,0,d
18,9,Lucas ,0,f
19,11,Mesut Ozil,0,m
20,8,Aaron Ramsey,0,m
21,29,Granit Xhaka,0,m
22,31,Jeff Reine-Adelaide,0,m
23,7,Tomas Rosicky,0,m
24,19,Santi Cazorla,0,m
25,65,Ben Sheaf,0,m
26,10,Jack Wilshere,0,m
27,28,Joel Campbell,0,f
28,12,Olivier Giroud,0,f
29,27,Serge Gnabry,0,f
30,17,Alex Iwobi,0,f
31,15,Alex Oxlade-Chamberlain,0,f
32,7,Alexis Sanchez,0,f
33,14,Theo Walcott,0,f
34,23,Danny Welbeck,0,f
35,32,Chuba Akpom,0,f
36,22,Yaya Sanogo,0,f
37,38,Marc Bola,0,d
38,39,Tolaji Bola,0,d
39,40,Gedion Zelalem,0,m
40,41,Josh Dasilva,0,f
41,42,Kristopher da Graca,0,d
42,43,Vlad Dragomir,0,m
43,44,Aaron Eyoma,0,m
44,45,Yasin Fortune,0,m
45,46,Charlie Glimour,0,m
46,48,Kaylen Hinds,0,f
47,57,Stephy Mavididi,0,f
48,53,Hugo Keto,0,g
49,50,Dejan Iliev,0,g
50,51,Chiori Johnson,0,d
51,56,Donyell Malen,0,f
52,55,Ainsley Maitland Niles,0,m
53,64,Tyrell,0,m
54,62,Jordi Osei-Tutu,0,d
55,60,Savvas Mourgos,0,m
56,58,Marcus Mcguane,0,m
57,68,Chris Willock,0,f
58,21,Ryan Allsop,1,g
59,1,Artur Boruc,1,g
60,23,Adam Federici,1,g
61,45,Jordan Holmes,1,g
62,41,Pat O'Flaherty,1,g
63,49,Callum Stanton,1,g
64,43,Callum Buckley,1,d
65,26,Tyrone Mings,1,d
66,3,Steve Cook,1,d
67,5,Nathan Ake,1,d
68,2,Simon Francis,1,d
69,37,Corey Jordan,1,d
70,47,Jordan Lee,1,d
71,14,Brad Smith,1,d
72,42,Jack Simpson,1,d
73,15,Adam Smith,1,d
74,29,Rhoys Wiggins,1,d
75,33,Jordan Ibe,1,m
76,40,Ollie Harfield,1,d
77,32,Jack Wilshere,1,m
78,8,Harry Arter,1,m
79,11,Charlie Daniels,1,m
80,4,Dan Gosling,1,m
81,16,Shaun MacDonald,1,m
82,32,Eunan O'Kane,1,m
83,7,Marc Pugh,1,m
84,19,Junior Stanislas,1,m
85,27,Sam Matthews,1,m
86,24,Ryan Fraser,1,m
87,18,Lewis Cook,1,m
88,22,Emerson Hyndman,1,m
89,43,Ben Whitifield,1,m
90,36,Matt Butcher,1,m
91,6,Andrew Surman,1,m
92,10,Max Gradel,1,m
93,44,Sam Surridge,1,f
94,9,Benik Afobe,1,f
95,28,Lewis Grabban,1,f
96,31,Lys Mousset,1,f
97,17,Joshua King,1,f
98,13,Callum Wilson,1,f
99,1,Tom Heaton,2,g
100,17,Paul Robinson,2,g
101,29,Nick Pope,2,g
102,36,Connor Mitchell,2,g
103,34,Tom Anderson,2,d
104,5,Michael Keane,2,d
105,2,Matthew Lowton,2,d
106,23,Stephen Ward,2,d
107,27,Tendayi Darikwa,2,d
108,4,Jon Flanagan,2,d
109,6,Ben Mee,2,d
110,26,James Tarkowski,2,d
111,28,Kevin Long,2,d
112,25,Johann Guomundsson,2,m
113,11,Michael Kightly,2,m
114,8,Dean Marney,2,m
115,13,Jeff Hendrick,2,m 
116,41,Aiden O'Neill,2,m
117,37,Scott Arfield,2,m
118,16,Steven Defour,2,m
119,15,Patrick Bamford,2,f
120,10,Ashley Barnes,2,f
121,21,George Boyd,2,f
122,7,Andre Gray,2,f
123,9,Sam Vokes,2,f
124,1,Asmir Begovic,3,g
125,13,Thibaut Courtois,3,g
126,37,Eduardo,3,g
127,42,Bradley Collins,3,g
128,34,Ola Aina,3,d
129,28,Azpilicueta,3,d
130,29,Nathaniel Chalobah,3,d
131,24,Gary Cahill,3,d
132,2,Branislav Ivanovic,3,d
133,3,Marcos Alonso,3,d
134,30,David Luiz,3,d
135,26,John Terry,3,d
136,33,Fikayo Tomori,3,d
137,5,Kurt Zouma,3,d
138,4,Cesc Fabregas,3,m
139,10,Eden Hazard,3,m
140,14,Ruben Loftus-Cheek,3,m
141,21,Nemanja Matic,3,m
142,12,John obi Mikel,3,m
143,8,Oscar,3,m
144,22,Willian,3,m
145,15,Victor Moses,3,m
146,41,Dominic Solanke,3,f
147,42,Tammy Abraham,3,f
148,11,Pedro,3,f
149,19,Diego Costa,3,f
150,23,Michy Batshuayi,3,f
151,13,Wayne Hennessey,4,g
152,30,Steve Mandanda,4,g
153,1,Julian Speroni,4,g
154,40,Kieton Perntreou,4,g
155,6,Scott Dann,4,d
156,27,Damien Delaney,4,d
157,19,Ezekiel Fryers,4,d
158,34,Martin Kelly,4,d
159,23,Pape Souare,4,d
160,5,James Tomkins,4,d
161,2,Joel Ward,4,d
162,10,Andos Townsend ,4,m
163,7,Yohan Cabaye,4,m
164,16,Joe Ledley,4,m
165,14,Chung-yong Lee,4,m
166,18,James McArthur,4,m
167,22,Jordon Mutch,4,m
168,42,Jason Puncheon,4,m
169,26,Bakary Sako,4,m
170,17,Andros Townsend,4,m
171,8,Loic Remy ,4,f
172,17,Christian Benteke,4,f
173,21,Connor Wickham,4,f
174,9,Frazier Campbell,4,f
175,11,Wilfried Zaha,4,f
176,22,Maarten Steklenburg,5,g
177,1,Joel Robles,5,g
178,3,Leighton Baines,5,d
179,27,Tyias Browning,5,d
180,23,Seamus Coleman,5,d
181,5,Ashley Williams,5,d
182,25,Ramiro Funes Mori,5,d
183,30,Mason Holgate,5,d
184,6,Phil Jagielka,5,d
185,20,Bryan Oviedo,5,d
186,38,Matthew Pennington,5,d
187,8,Ross Barkley,5,m
188,18,Gareth Barry,5,m
189,21,Muhamed Besic,5,m
190,15,Tom Cleverley,5,m
191,17,Idrissa Gueye,5,m
192,26,Thomas Davies,5,m
193,4,Darron Gibson,5,m
194,12,Aaron Lennon,5,m
195,16,James McCarthy,5,m
196,11,Kevin Mirallas,5,m
197,14,Yannick Bolasie,5,m
198,28,Kieran Dowell,5,m
199,7,Deulofeu,5,m
200,9,Arouna Kone,5,f
201,10,Romelu Lukaku,5,f
202,19,Enner Valencia,5,f
203,12,Dusan Kuciak,6,g
204,1,Allan McGregor,6,g
205,16,Eldin Jakupovic,6,g
206,23,David Marshall,6,g
207,35,Will Mannion,6,g
208,4,Alex Bruce,6,d
209,21,Michael Dawson,6,d
210,5,Harry Maguire,6,d
211,2,Moses Odubajo,6,d
212,6,Curtis Davies,6,d
213,30,Daniel Batty,6,d
214,37,Josh Clackstone,6,d
215,31,Brian Lenihan,6,d
216,28,Josh Tymon,6,d
217,3,Andrew Robertson,6,d
218,11,Sam Clucas,6,m
219,17,James Weir,6,m
220,14,Jake Livermore,6,m
221,7,David Meyler,6,m
222,8,Tom Huddlestone,6,m
223,22,Nick Powell,6,m
224,27,Ahmed Elmohamady,6,m
225,15,Shaun Maloney,6,m
226,10,Robert Snodgrass,6,m
227,25,Ryan Mason,6,m
228,39,Ben Hinchcliffe,6,m
229,38,Harvey Rodgers,6,m
230,36,Greg Olley,6,m
231,34,Ellis Barkworth,6,m
232,22,Markus Henriksen,6,m
233,9,Abel Hernandez,6,f
234,33,Johan Ter Horst,6,f
235,32,Greg Luer,6,f
236,19,Will Keane,6,f
237,20,Adama Diomande,6,f
238,29,Jarrod Bowen,6,f
239,18,Dieumerci,6,f
240,21,Ron-Robert Zieler,7,g
241,1,Kasper Schmeichel,7,g
242,28,Christian Fuchs,7,d
243,6,Robert Huth,7,d
244,2,Luis Hernandez,7,d
245,5,Wes Morgan,7,d
246,15,Jeffrey Schlupp,7,f
247,17,Danny Simpson,7,d
248,27,Marcin Wasilewski,7,d
249,11,Marc Albrighton,7,m
250,4,Danny Drinkwater,7,m
251,24,Nampalys Mendy,7,m
252,14,Bartosz Kaputska,7,m
253,8,Matty James,7,m
254,10,Andy King,7,m
255,26,Riyad Mahrez,7,m
256,13,Daniel Amartey,7,m
257,22,Demarai Gray,7,m
258,19,Islam Slimani,7,f
259,7,Ahmed Musa,7,f
260,20,Shinji Okazaki,7,f
261,23,Leonardo Ulloa,7,f
262,9,Jamie Vardy,7,f
263,1,Loris Karius,8,g
264,13,Alex Manninger,8,g
265,22,Simon Mignolet,8,g
266,18,Alberto Moreno,8,d
267,2,Nathaniel Clyne,8,d
268,12,Joe Gomez,8,d
269,17,Ragnar Klavan,8,d
270,6,Dejan Lovren,8,d
271,32,Jole Matip,8,d
272,57,Joe Maguire,8,d
273,56,Connor Randall,8,d
274,3,Mamadou Sakho,8,d
275,49,Jordan Williams,8,d
276,26,Tiago Ilori,8,d
277,23,Emre Can,8,m
278,10,Coutinho,8,m
279,14,Jordan Henderson,8,m
280,53,Oviemuno Ejaria,8,m
281,20,Adam Lallana,8,m
282,21,Lucas Leiva,8,m
283,7,James Milner,8,m
284,5,Georginio Wijnaldum,8,m
285,16,Marko Grujic,8,m
286,66,Trent Alexander-Arnold,8,m
287,25,Cameron Brannagan,8,m
288,54,Sheyi Ojo,8,m
289,68,Pedro Chirivella,8,m
290,35,Kevin Stewart,8,m
291,55,Herbie Kane,8,m
292,11,Roberto Firmino,8,f
293,15,Daniel Sturridge,8,f
294,19,Sadio Mane,8,f
295,28,Danny Ings,8,f
296,27,Divock Origi,8,f
297,13,Willy Caballero,9,g
298,1,Claudio Bravo,9,g
299,53,Tosin Adarabioyo,9,d
300,22,Gael Clichy,9,d
301,24,John Stones,9,d
302,77,Cameron Humphreys,9,d
303,69,Jose Tasende,9,d
304,11,Aleksandar Kolarov,9,d
305,4,Vincent Kompany,9,d
306,30,Nicolas Otamendi,9,d
307,3,Bacary Sagna,9,d
308,5,Pablo Zabaleta,9,d
309,50,Pablo Maffeo,9,d
310,58,Charlie Oliver,9,d
311,71,Erik Sarmiento,9,d
312,74,Ellis Plummer,9,d
313,81,Demeaco Duhaney,9,d
314,86,Ash Kigbu,9,d
315,21,David Silva,9,m
316,17,Kevin De Bruyne,9,m
317,21,Ilkay Gundogan,9,m
318,19,Leroy Sane,9,m
319,18,Fabian Delph,9,m
320,25,Fernandinho,9,m
321,6,Fernando,9,m
322,61,James Horsfield,9,m
323,15,Jesus Navas,9,m
324,76,Aleix Garcia,9,m
325,78,Rodney Kongolo,9,m
326,7,Raheem Sterling,9,m
327,42,Yaya Toure,9,m
328,55,Brahim Diaz,9,m
329,57,Aaron Nemane,9,m
330,67,Paolo Fernandes,9,m
331,70,Isaac Bucley,9,m
332,82,Jacob Davenport,9,m
333,83,Marcus Wood,9,m
334,84,Sadou Diallo,9,m
335,85,Will Patching ,9,m
336,87,Javairo Dilrosun,9,m
337,10,Kun Aguero,9,f
338,72,Kelechi Iheanacho,9,f
339,24,Nolito,9,f
340,65,Lukas Nmecha,9,f
341,66,Zackarias Faour,9,f
342,49,Denzeil Boadu,9,f
343,68,Thiery Ambrose,9,f
344,1,David De Gea,10,g
345,32,Sam Johnstone,10,g
346,20,Sergio Romero,10,g
347,17,Daley Blind,10,d
348,36,Matteo Darmian,10,d
349,24,Timothy Fosu-Mensah,10,d
350,4,Phil Jones,10,d
351,5,Marcos Rojo,10,d
352,3,Eric Bailly,10,d
353,23,Luke Shaw,10,d
354,12,Chris Smalling,10,d
355,38,Axel Tuanzebe,10,d
356,25,Antonio Valencia,10,d
357,21,Ander Herrera,10,m
358,44,Andreas Pereira,10,m
359,6,Paul Pogba,10,m
360,16,Michael Carrick,10,m
361,22,Henry Mkhitaryan,10,m
362,27,Marouane Fellaini,10,m
363,14,Jesse Lingard,10,m
364,8,Juan Mata,10,m
365,28,Morgan Schneiderlin,10,m
366,31,Bastian Schweinsteiger,10,m
367,18,Ashley Young,10,m
368,7,Memphis Depay,10,f
369,48,William Keane,10,f
370,9,Zlatan Ibrahimovic,10,f
371,11,Anthony Martial,10,f
372,19,Marcus Rashford,10,f
373,10,Wayne Rooney,10,f
374,1,Dimitrios Konstantopoulos,11,g
375,12,Brad Guzan,11,g
376,13,Tomas Mejias,11,g
377,26,Víctor Valdes,11,g
378,17,Antonio Barragan,11,d
379,3,Gerorge Friend,11,d
380,25,Calum Chambesrs,11,d
381,24,Emilio N'Sue,11,d
382,4,Daniel Ayala,11,d
383,2,Fabio ,11,d
384,5,Bernardo Espinosa,11,d
385,40,James Husband,11,d
386,7,Grant Leadbitter,11,m
387,16,Carlos de Pena,11,m
388,8,Adam Clayton,11,m
389,14,Marten de Roon,11,m
390,23,Julien De Sart,11,m
391,19,Stewart Downing,11,m
392,21,Gaston Ramirez,11,m
393,34,Adam Forshaw,11,m
394,10,Alvaro Negredo,11,f
395,11,Viktor Fischer,11,f
396,18,Christian Stuani,11,f
397,35,David Nugent,11,f
398,9,Jordan Rhodes,11,f
399,1,Fraser Forster,12,g
400,13,Alex McCarthy,12,g
401,21,Ryan Bertrand,12,d
402,2,Cedric Soares,12,d
403,5,Florin Gardos,12,d
404,6,Jose Fonte,12,d
405,15,Cuco Martina,12,d
406,33,Matt Targett,12,d
407,17,Virgil van Dijk,12,d
408,3,Maya Yoshida,12,d
409,24,Jack Stephens,12,d
410,30,Will Wood,12,d
411,35,Alfie Jones,12,d
412,43,Yan Valery,12,d
413,47,Richard Bakary,12,d
414,48,Ollie Cook,12,d
415,50,Ben Rowthorn,12,d
416,57,Jake Vokins ,12,d
417,4,Jordy Clasie,12,m
418,8,Steven Davis,12,m
419,23,Pierre-Emile Hojberg,12,m
420,27,Lloyd Isgrove,12,m
421,38,Sam McQueen,12,m
422,19,Sofiane Boufal,12,m
423,14,Oriol Romeu,12,m
424,18,Harrison Reed,12,m
425,11,Dusan Tadic,12,m
426,16,James Ward-Prowse,12,m
427,22,Nathan Redmond,12,m
428,23,Pierre-Emile Hojberg,12,m
429,27,Lloyd Isgrove,12,m
430,31,Armani Little,12,m
431,34,Jake Flannigan,12,m
432,37,Harley Willard,12,m
433,38,Sam McQueen,12,m
434,39,Josh Sims,12,m
435,42,Jake Hesketh,12,m
436,49,Thomas O'Connor ,12,m
437,51,Tyreke Johnson,12,m
438,53,Archie Thomas,12,m
439,55,Callum Slattery,12,m
440,58,Aaron O'Driscoll,12,m
441,10,Charlie Austin,12,f
442,9,Jay Rodriguez,12,f
443,7,Shane Long,12,f
444,32,Olufela Olomola,12,f
445,44,Marcus Barnes,12,f
446,45,Ryan Seager,12,f
447,52,Dan N'Lundulu,12,f
448,54,Siph Mdlalose ,12,f
449,35,Daniel Bachmann,13,g
450,1,Jack Butland,13,g
451,24,Shay Given,13,g
452,29,Jakob Haugaard,13,g
453,39,Daniel Gyollai,13,g
454,2,Phil Bardsley,13,d
455,20,Geoff Cameron,13,d
456,8,Glen Johnson,13,d
457,5,Mark Muniesa,13,d
458,3,Erik Pieters,13,d
459,17,Ryan Shawcross,13,d
460,23,Dionatan Teixeira,13,d
461,15,Bruno Martins Indi,13,d
462,42,Joel Taylor,13,d
463,4,Joe Allen,13,m
464,32,Ramadan Sodhi,13,m
465,16,Charlie Adam,13,m
466,14,Ibrahim Afellay,13,m
467,21,Giannelli Imbula,13,m
468,7,Stephen Ireland,13,m
469,22,Xherdan Shaqiri,13,m
470,34,Oliver Shenton,13,m
471,6,Glenn Whelan,13,m
472,38,Eddy Lecygne,13,m
473,41,Mark Waddington,13,m
474,10,Marko Arnautovic,13,f
475,27,Bojan,13,f
476,25,Peter Crouch,13,f
477,18,Mame Biram Diouf,13,f
478,12,Wilfried Bony,13,f
479,11,Mato Joselu,13,f
480,19,Jonathan Walters,13,f
481,37,Dom Telford,13,f
482,45,Julien Ngoy,13,f
483,1,Vito Mannone,14,g
484,13,Jordan Pickford,14,g
485,32,Max Stryjek,14,g
486,31,Tom Beadling,14,d
487,5,Papy Djilobodji,14,d
488,2,Billy Jones,14,d
489,23,Lamine Kone,14,d
490,16,John O'Shea,14,d
491,45,Josh Robson,14,d
492,34,Tom Robson,14,d
493,3,Patrick van Aanholt,14,d
494,19,Paddy McNair,14,d
495,22,Donald Love,14,d
496,21,Javi Manquillo,14,d
497,43,Michael Ledger,14,d
498,27,Jan Kirchhoff,14,d
499,6,Lee Cattermole,14,m
500,14,Duncan Watmore,14,m
501,39,George Honeyman,14,m
502,10,Wahbi Khazri,14,m
503,7,Sebastian Larsson,14,m
504,8,Jack Rodwell,14,m
505,20,Steven Pienaar,14,m
506,44,Adnan Janujaz,14,m
507,25,Ethan Robson,14,m
508,46,Lynden Gooch,14,m
509,9,Fabio Borini,14,f
510,18,Jermain Defoe,14,f
511,37,Rees Greenwood,14,f
512,38,Mikael Mandron,14,f
513,14,Duncan Watmore,14,f
514,29,Joel Asoro,14,f
515,35,Josh Maja,14,f
516,?,Victor Anichebe,14,f
517,1,Lukasz Fabianski,15,g
518,19,Mark Birighitti,15,g
519,25,Gerhard Tremmel,15,g
520,13,Kristoffer Nordfeldt,15,g
521,22,Angel Rangel,15,d
522,33,Federico Fernandez,15,d
523,2,Jordi Amat,15,d
524,35,Stephen Kingsley,15,d
525,5,Mike van der Hoorn,15,d
526,26,Kyle Naughton,15,d
527,61,Joe Rodon,15,d
528,3,Neil Taylor,15,d
529,31,Aaron Lewis,15,d
530,47,Tyler Reid,15,d
531,57,Keston Davies,15,d
532,63,Ryan Blair,15,m
533,7,Leon Britton,15,m
534,12,Nathan Dyer,15,m
535,24,Jack Cork,15,m
536,8,Leroy Fer,15,m
537,56,Jay Fulton,15,m
538,51,Daniel James,15,m
539,4,Ki Sung-Yueng,15,m
540,20,Jefferson Montero,15,m
541,15,Wayne Routledge,15,m
542,23,Gylfi Sigurosson,15,m
543,34,Jack Evans,15,m
544,37,Tom Dyson,15,m
545,38,Adnan Maric,15,m
546,43,Alex Bray,15,m
547,48,George Byers,15,m
548,49,Tom Holland ,15,m
549,63,Ryan Blair ,15,m
550,10,Borja Gonzalez,15,f
551,17,Modou Barrow,15,f
552,9,Fernando Llorente,15,f
553,18,Bafetimbi Gomis,15,f
554,39,Owain Jones,15,f
555,36,Botti Bia-Bi,15,f
556,41,Jordan Garrick,15,f
557,54,Alex Samuel,15,f
558,62,Oliver McBurnie,15,f
559,40,Tom Glover,16,g
560,1,Hugo Lloris,16,g
561,31,Alfie Whiteman,16,g
562,13,Michel Vorm,16,g
563,30,Papu Lopez,16,g
564,4,Toby Alderweireld,16,d
565,38,Cameron Carter-Vickers,16,d
566,33,Ben Davies,16,d
567,3,Danny Rose,16,d
568,16,Kieran Trippier,16,d
569,5,Jan Vertonghen,16,d
570,2,Kyle Walker,16,d
571,27,Kevin Wimmer,16,d
572,17,Moussa Sissoko,16,m
573,12,Victor Wanyama,16,m
574,20,Dele Alli,16,m
575,28,Tom Carroll,16,m
576,19,Mousa Dembele,16,m
577,15,Eric Dier,16,m
578,23,Christian Eriksen,16,m
579,11,Èrik Lamela,16,m
580,29,Harry Winks,16,m
581,14,Gerorges-Kevin Nkoudou,16,m
582,25,Joshua Onomah,16,m
583,45,Anton Walkers,16,m
584,46,Luke Amos,16,m
585,48,Marcus,16,m
586,10,Harry Kane,16,f
587,7,Heung-min Son,16,f
588,9,Vincent Janssen,16,f
589,37,Kyle Walker-Peters,16,f
590,39,Shayon Harrison,16,f
591,1,Heurelho Gomes,17,g
592,34,Giedrius Arlauskis,17,g
593,30,Costel Pantilimon,17,g
594,27,Christian Kabasele,17,d
595,3,Miguel Britos,17,d
596,15,Craig Cathcart,17,d
597,6,Adrian Mariappa,17,d
598,4,Younes Kaboul,17,d
599,26,Brice Dja Djedje,17,d
600,14,Juan Paredes,17,d
601,5,Sebastian Prodl,17,d
602,22,Daryl Janmaat,17,d
603,25,Jose Holebas,17,m
604,29,Etienne Capoue,17,m
605,17,Adlene Guedioura,17,m
606,7,Nordin Amrabat,17,m
607,4,Mario Suarez,17,m
608,11,Valon Berhami,17,m
609,18,Camilo Zuniga,17,m
610,23,Ben Watson,17,m
611,37,Roberto Pereyra,17,m
612,9,Troy Deeney,17,f
613,24,Odion Ighalo,17,f
614,10,Jerome Sinclair,17,f
615,12,Kenedy,17,f
616,33,Stefano Okaka Chuka,17,f
617,10,Isaac Success,17,f
618,1,Ben Foster,18,g
619,13,Boaz Myhill,18,g
620,38,Jack Rose,18,g
621,31,Alex Palmer,18,g
622,25,Craig Dawson,18,d
623,6,Jonny Evans,18,d
624,23,Gareth McAuley,18,d
625,3,Jonas Olsson,18,d
626,20,Brendon Galloway,18,d
627,2,Allan-Romeo Nyom,18,d
628,20,Brendan,18,d
629,49,Kane Wilson,18,d
630,11,Chris Brunt,18,m
631,42,Kyle Edwards,18,m
632,47,Sam Field,18,m
633,24,Darren Fletcher,18,m
634,8,Craig Gardner,18,m
635,7,James Morrison,18,m
636,22,Nacer Chadli,18,m
637,5,Claudio Yacob,18,m
638,10,Matt Phillips,18,m
639,18,Saido Berahino,18,f
640,45,Jonathan Leko,18,f
641,14,James McClean,18,m
642,19,Callum McManaman,18,f
643,33,Salomon Rondon,18,f
644,4,Hal Robson-Kanu,18,f
645,13,Adrian,19,g
646,1,Darren Randolph,19,g
647,34,Raphael Spiegel,19,g
648,22,Sam Byram,19,d
649,19,James Collins,19,d
650,3,Aaron Cresswell,19,d
651,35,Reece Oxford,19,d
652,25,Doneil Henry,19,d
653,21,Angelo Ogbonna,19,d
654,2,Winston Reid,19,d
655,5,Alvaro Arbeloa,19,d
656,4,Havard Nordtveit,19,d
657,26,Arthur Masuaku,19,d
658,30,Michail Antonio,19,m
659,43,Marcus Browne,19,m
660,41,Declan Rice,19,m
661,8,Cheikhou Kouyate,19,m
662,28,Manuel Lanzini,19,m
663,16,Mark Noble,19,m
664,17,Gokhan Tore,19,m
665,27,Dimitri Payet,19,m
666,20,Andre Ayew,19,m
667,23,Diego Poyet,19,m
668,7,Sofiane Feghouli,19,m
669,46,Moses Makasi,19,m
670,14,Pedro Obiang,19,m
671,36,Domingos Quina,19,m
672,31,Edimilson Fernandes,19,m
673,9,Andy Carroll,19,f
674,11,Simone Zaza,19,f
675,29,Antonio Martinez,19,f
676,28,Jonathan Calleri,19,f
677,40,Djair Parfitt-Williams,19,f
678,24,Ashley Fletcher,19,f
679,15,Diafra Sakho,19,f
